,query,significant,p_value,term_size,query_size,intersection_size,precision,recall,term_id,source,term_name,effective_domain_size,source_order,parents
1,query_1,TRUE,0.0348960750837631,422,18,5,0.277777777777778,0.0118483412322275,GO:0006875,GO:BP,cellular metal ion homeostasis,21092,2814,GO:0030003/GO:0055065
2,query_1,TRUE,0.0497244308980761,10,18,2,0.111111111111111,0.2,GO:0098887,GO:BP,neurotransmitter receptor transport. endosome to postsynaptic membrane,21092,22119,GO:0098969/GO:0099639
3,query_1,TRUE,0.0497244308980761,10,18,2,0.111111111111111,0.2,GO:0099639,GO:BP,neurotransmitter receptor transport. endosome to plasma membrane,21092,22369,GO:0098877/GO:0099638
4,query_1,TRUE,0.0101735792211475,1092,20,8,0.4,0.00732600732600733,TF:M10004,TF,Factor: NF-kappaB2; motif: GGGRAANYCCC,19943,5708,TF:M00000
5,query_1,TRUE,0.025399514757139,2148,20,10,0.5,0.00465549348230913,TF:M08891,TF,Factor: NFKAPPAB; motif: NNGGGANTTCCCN,19943,5704,TF:M00000
6,query_1,TRUE,0.040531575020647,55,20,3,0.15,0.0545454545454545,TF:M04055,TF,Factor: NFKB2; motif: NGGGGAWTCCCCN,19943,5706,TF:M00000
7,query_1,TRUE,0.040531575020647,55,20,3,0.15,0.0545454545454545,TF:M04055_1,TF,Factor: NFKB2; motif: NGGGGAWTCCCCN; match class: 1,19943,5707,TF:M04055
