,query,significant,p_value,term_size,query_size,intersection_size,precision,recall,term_id,source,term_name,effective_domain_size,source_order,parents
1,query_1,TRUE,0.0303043209767219,11,14,2,0.142857142857143,0.181818181818182,GO:0098883,GO:BP,synapse pruning,21092,22115,GO:0050808/GO:0150146
2,query_1,TRUE,0.0252543907209799,7,6,2,0.333333333333333,0.285714285714286,HP:0005356,HP,Decreased serum complement factor I,4756,3654,HP:0004431
3,query_1,TRUE,0.0432446624218078,9,6,2,0.333333333333333,0.222222222222222,HP:0000793,HP,Membranoproliferative glomerulonephritis,4756,617,HP:0000099
4,query_1,TRUE,0.0248825942302708,28,9,2,0.222222222222222,0.0714285714285714,HPA:0471433,HPA,skin 2; extracellular matrix[High],10976,678,HPA:0471432
5,query_1,TRUE,0.000666623149262475,30,10,3,0.3,0.1,REAC:R-HSA-8874081,REAC,MET activates PTK2 signaling,10461,1289,REAC:R-HSA-8875878
6,query_1,TRUE,0.00161408949498709,40,10,3,0.3,0.075,REAC:R-HSA-8875878,REAC,MET promotes cell motility,10461,1295,REAC:R-HSA-6806834
7,query_1,TRUE,0.0112786461709272,76,10,3,0.3,0.0394736842105263,REAC:R-HSA-6806834,REAC,Signaling by MET,10461,2122,REAC:R-HSA-9006934
8,query_1,TRUE,0.0455930701131195,22,11,2,0.181818181818182,0.0909090909090909,WP:WP545,WP,Complement activation,7827,66,WP:000000
