,query,significant,p_value,term_size,query_size,intersection_size,precision,recall,term_id,source,term_name,effective_domain_size,source_order,parents
1,query_1,TRUE,0.049986628576846,2,1,1,1,0.5,CORUM:6617,CORUM,NF2-WWC1 complex,3385,2257,CORUM:0000000
2,query_1,TRUE,0.0288586863988468,35,14,2,0.142857142857143,0.0571428571428571,GO:0098686,GO:CC,hippocampal mossy fiber to CA3 synapse,21690,3604,GO:0098984
3,query_1,TRUE,0.0365801851783871,529,14,4,0.285714285714286,0.00756143667296786,GO:0043235,GO:CC,receptor complex,21690,2128,GO:0032991
4,query_1,TRUE,0.0377618610804227,40,14,2,0.142857142857143,0.05,GO:0008328,GO:CC,ionotropic glutamate receptor complex,21690,619,GO:0005887/GO:0034702/GO:0098878
5,query_1,TRUE,0.0478402261609438,45,14,2,0.142857142857143,0.0444444444444444,GO:0098878,GO:CC,neurotransmitter receptor complex,21690,3659,GO:0098802
6,query_1,TRUE,0.022593949224719,19,15,2,0.133333333333333,0.105263157894737,GO:0004970,GO:MF,ionotropic glutamate receptor activity,20166,1505,GO:0008066/GO:0022824
7,query_1,TRUE,0.0462178815293495,27,15,2,0.133333333333333,0.0740740740740741,GO:0008066,GO:MF,glutamate receptor activity,20166,1947,GO:0004888
8,query_1,TRUE,0.00434445039957528,140,5,3,0.6,0.0214285714285714,WP:WP5083,WP,Neuroinflammation and glutamatergic signaling,7827,19,WP:000000
