,query,significant,p_value,term_size,query_size,intersection_size,precision,recall,term_id,source,term_name,effective_domain_size,source_order,parents
1,query_1,TRUE,0.00886404667276749,5836,25,18,0.72,0.00308430431802605,GO:0048856,GO:BP,anatomical structure development,21092,15126,GO:0032502
2,query_1,TRUE,0.0095777458404058,620,25,7,0.28,0.0112903225806452,GO:0006935,GO:BP,chemotaxis,21092,2869,GO:0042221/GO:0042330
3,query_1,TRUE,0.00978229566336498,622,25,7,0.28,0.0112540192926045,GO:0042330,GO:BP,taxis,21092,11655,GO:0009605/GO:0040011
4,query_1,TRUE,0.0136368191481368,239,25,5,0.2,0.0209205020920502,GO:0030595,GO:BP,leukocyte chemotaxis,21092,7913,GO:0050900/GO:0060326
5,query_1,TRUE,0.038843233628837,6424,25,18,0.72,0.00280199252801993,GO:0032502,GO:BP,developmental process,21092,8795,GO:0008150
6,query_1,TRUE,0.0384317989727219,73,26,3,0.115384615384615,0.0410958904109589,GO:0042379,GO:MF,chemokine receptor binding,20166,6632,GO:0001664/GO:0005126
