,query,significant,p_value,term_size,query_size,intersection_size,precision,recall,term_id,source,term_name,effective_domain_size,source_order,parents
1,query_1,TRUE,0.0119966123044235,5788,43,24,0.558139534883721,0.00414651002073255,GO:0005886,GO:CC,plasma membrane,21690,513,GO:0016020/GO:0071944
2,query_1,TRUE,0.0141818562412858,6270,43,25,0.581395348837209,0.00398724082934609,GO:0071944,GO:CC,cell periphery,21690,3125,GO:0110165
3,query_1,TRUE,0.0257508382099174,9856,43,32,0.744186046511628,0.00324675324675325,GO:0016020,GO:CC,membrane,21690,848,GO:0110165
4,query_1,TRUE,0.0189273140905032,30,27,3,0.111111111111111,0.1,REAC:R-HSA-3000157,REAC,Laminin interactions,10461,1235,REAC:R-HSA-1474244
5,query_1,TRUE,0.0288980007534296,298,27,6,0.222222222222222,0.0201342281879195,REAC:R-HSA-1474244,REAC,Extracellular matrix organization,10461,842,REAC:0000000
6,query_1,TRUE,0.0304525683057388,6,27,2,0.0740740740740741,0.333333333333333,REAC:R-HSA-177135,REAC,Conjugation of benzoate with glycine,10461,373,REAC:R-HSA-159424
