,query,significant,p_value,term_size,query_size,intersection_size,precision,recall,term_id,source,term_name,effective_domain_size,source_order,parents
1,query_1,TRUE,0.00173794093207322,626,82,13,0.158536585365854,0.0207667731629393,GO:0050801,GO:BP,ion homeostasis,21092,15310,GO:0048878
2,query_1,TRUE,0.00924711526949268,616,82,12,0.146341463414634,0.0194805194805195,GO:0098771,GO:BP,inorganic ion homeostasis,21092,22062,GO:0050801
3,query_1,TRUE,0.0102738349835251,516,82,11,0.134146341463415,0.0213178294573643,GO:0006873,GO:BP,cellular ion homeostasis,21092,2812,GO:0050801/GO:0055082
4,query_1,TRUE,0.0110550320261517,520,82,11,0.134146341463415,0.0211538461538462,GO:0055065,GO:BP,metal ion homeostasis,21092,16749,GO:0055080/GO:0098771
5,query_1,TRUE,0.014568395791967,182,82,7,0.0853658536585366,0.0384615384615385,GO:0097553,GO:BP,calcium ion transmembrane import into cytosol,21092,21856,GO:0070588
6,query_1,TRUE,0.0327356954476955,4369,82,34,0.414634146341463,0.00778210116731518,GO:0048731,GO:BP,system development,21092,15011,GO:0007275/GO:0048856
7,query_1,TRUE,0.042806869633889,601,82,11,0.134146341463415,0.0183028286189684,GO:0055080,GO:BP,cation homeostasis,21092,16763,GO:0050801
8,query_1,TRUE,3.655549106676e-06,6270,81,48,0.592592592592593,0.0076555023923445,GO:0071944,GO:CC,cell periphery,21690,3125,GO:0110165
9,query_1,TRUE,1.11041197904641e-05,5788,81,45,0.555555555555556,0.00777470628887353,GO:0005886,GO:CC,plasma membrane,21690,513,GO:0016020/GO:0071944
10,query_1,TRUE,0.015939859322897,1248,81,15,0.185185185185185,0.0120192307692308,GO:0098590,GO:CC,plasma membrane region,21690,3576,GO:0005886/GO:0016020
11,query_1,TRUE,0.0268271948969632,18,85,3,0.0352941176470588,0.166666666666667,GO:0045236,GO:MF,CXCR chemokine receptor binding,20166,7153,GO:0042379
12,query_1,TRUE,0.0317603659982759,19,85,3,0.0352941176470588,0.157894736842105,GO:0004970,GO:MF,ionotropic glutamate receptor activity,20166,1505,GO:0008066/GO:0022824
13,query_1,TRUE,0.0121091008756234,1092,88,17,0.193181818181818,0.0155677655677656,TF:M10004,TF,Factor: NF-kappaB2; motif: GGGRAANYCCC,19943,5708,TF:M00000
14,query_1,TRUE,0.0250023246907625,65,88,5,0.0568181818181818,0.0769230769230769,TF:M10004_1,TF,Factor: NF-kappaB2; motif: GGGRAANYCCC; match class: 1,19943,5709,TF:M10004
15,query_1,TRUE,0.000867206841403068,24,42,4,0.0952380952380952,0.166666666666667,WP:WP4288,WP,MTHFR deficiency,7827,478,WP:000000
