"exp_name","log2FoldChange","padj","pvalue"
"IgM_vs_LPS_TP_1",1.53442546564036,0.304070944059203,0.130132292340469
"IgM_vs_LPS_TP_3",0.942159196483101,0.507015368261432,0.211613463765957
"IgM_vs_LPS_TP_9",1.79740320721595,0.000759767082307092,4.42832538351369e-05
